description;refEquipement;etapeacv;critere;consoElecMoyenne;valeur;source;type
Laptop - Entry-level	Latitude 3310 2-in-1 Business Laptop	13inch LCD, 8GB RAM, 256 GB SSD TLC  2,5'', 1 CPU Intel Core i3-1000G1, 1 integrated graphics card Intel UHD Graphics 630;ordinateur-portable-1;FABRICATION;Climate change;26;160;Resilio;
Laptop - Entry-level	Latitude 3310 2-in-1 Business Laptop	13inch LCD, 8GB RAM, 256 GB SSD TLC  2,5'', 1 CPU Intel Core i3-1000G1, 1 integrated graphics card Intel UHD Graphics 630;ordinateur-portable-1;FABRICATION;Resource use (minerals and metals);26;0.0846240141247186;Resilio;
Laptop - Entry-level	Latitude 3310 2-in-1 Business Laptop	13inch LCD, 8GB RAM, 256 GB SSD TLC  2,5'', 1 CPU Intel Core i3-1000G1, 1 integrated graphics card Intel UHD Graphics 630;ordinateur-portable-1;FABRICATION;Acidification;26;1.33;Resilio;
Laptop - Entry-level	Latitude 3310 2-in-1 Business Laptop	13inch LCD, 8GB RAM, 256 GB SSD TLC  2,5'', 1 CPU Intel Core i3-1000G1, 1 integrated graphics card Intel UHD Graphics 630;ordinateur-portable-1;FABRICATION;Ionising radiation;26;85.7;Resilio;
Laptop - Entry-level	Latitude 3310 2-in-1 Business Laptop	13inch LCD, 8GB RAM, 256 GB SSD TLC  2,5'', 1 CPU Intel Core i3-1000G1, 1 integrated graphics card Intel UHD Graphics 630;ordinateur-portable-1;FABRICATION;Particulate matter and respiratory inorganics;26;0.00000906;Resilio;
Laptop - Entry-level	Latitude 3310 2-in-1 Business Laptop	13inch LCD, 8GB RAM, 256 GB SSD TLC  2,5'', 1 CPU Intel Core i3-1000G1, 1 integrated graphics card Intel UHD Graphics 630;ordinateur-portable-1;DISTRIBUTION;Climate change;26;10.9;Resilio;
Laptop - Entry-level	Latitude 3310 2-in-1 Business Laptop	13inch LCD, 8GB RAM, 256 GB SSD TLC  2,5'', 1 CPU Intel Core i3-1000G1, 1 integrated graphics card Intel UHD Graphics 630;ordinateur-portable-1;DISTRIBUTION;Resource use (minerals and metals);26;4.26695674064593E-07;Resilio;
Laptop - Entry-level	Latitude 3310 2-in-1 Business Laptop	13inch LCD, 8GB RAM, 256 GB SSD TLC  2,5'', 1 CPU Intel Core i3-1000G1, 1 integrated graphics card Intel UHD Graphics 630;ordinateur-portable-1;DISTRIBUTION;Acidification;26;0.0551;Resilio;
Laptop - Entry-level	Latitude 3310 2-in-1 Business Laptop	13inch LCD, 8GB RAM, 256 GB SSD TLC  2,5'', 1 CPU Intel Core i3-1000G1, 1 integrated graphics card Intel UHD Graphics 630;ordinateur-portable-1;DISTRIBUTION;Ionising radiation;26;0.0297;Resilio;
Laptop - Entry-level	Latitude 3310 2-in-1 Business Laptop	13inch LCD, 8GB RAM, 256 GB SSD TLC  2,5'', 1 CPU Intel Core i3-1000G1, 1 integrated graphics card Intel UHD Graphics 630;ordinateur-portable-1;DISTRIBUTION;Particulate matter and respiratory inorganics;26;0.000000332;Resilio;
Laptop - Entry-level	Latitude 3310 2-in-1 Business Laptop	13inch LCD, 8GB RAM, 256 GB SSD TLC  2,5'', 1 CPU Intel Core i3-1000G1, 1 integrated graphics card Intel UHD Graphics 630;ordinateur-portable-1;UTILISATION;Climate change;26;;Resilio;
Laptop - Entry-level	Latitude 3310 2-in-1 Business Laptop	13inch LCD, 8GB RAM, 256 GB SSD TLC  2,5'', 1 CPU Intel Core i3-1000G1, 1 integrated graphics card Intel UHD Graphics 630;ordinateur-portable-1;UTILISATION;Resource use (minerals and metals);26;;Resilio;
Laptop - Entry-level	Latitude 3310 2-in-1 Business Laptop	13inch LCD, 8GB RAM, 256 GB SSD TLC  2,5'', 1 CPU Intel Core i3-1000G1, 1 integrated graphics card Intel UHD Graphics 630;ordinateur-portable-1;UTILISATION;Acidification;26;;Resilio;
Laptop - Entry-level	Latitude 3310 2-in-1 Business Laptop	13inch LCD, 8GB RAM, 256 GB SSD TLC  2,5'', 1 CPU Intel Core i3-1000G1, 1 integrated graphics card Intel UHD Graphics 630;ordinateur-portable-1;UTILISATION;Ionising radiation;26;;Resilio;
Laptop - Entry-level	Latitude 3310 2-in-1 Business Laptop	13inch LCD, 8GB RAM, 256 GB SSD TLC  2,5'', 1 CPU Intel Core i3-1000G1, 1 integrated graphics card Intel UHD Graphics 630;ordinateur-portable-1;UTILISATION;Particulate matter and respiratory inorganics;26;;Resilio;
Laptop - Entry-level	Latitude 3310 2-in-1 Business Laptop	13inch LCD, 8GB RAM, 256 GB SSD TLC  2,5'', 1 CPU Intel Core i3-1000G1, 1 integrated graphics card Intel UHD Graphics 630;ordinateur-portable-1;FIN_DE_VIE;Climate change;26;3.51;Resilio;
Laptop - Entry-level	Latitude 3310 2-in-1 Business Laptop	13inch LCD, 8GB RAM, 256 GB SSD TLC  2,5'', 1 CPU Intel Core i3-1000G1, 1 integrated graphics card Intel UHD Graphics 630;ordinateur-portable-1;FIN_DE_VIE;Resource use (minerals and metals);26;0.0000110857905111763;Resilio;
Laptop - Entry-level	Latitude 3310 2-in-1 Business Laptop	13inch LCD, 8GB RAM, 256 GB SSD TLC  2,5'', 1 CPU Intel Core i3-1000G1, 1 integrated graphics card Intel UHD Graphics 630;ordinateur-portable-1;FIN_DE_VIE;Acidification;26;0.0434;Resilio;
Laptop - Entry-level	Latitude 3310 2-in-1 Business Laptop	13inch LCD, 8GB RAM, 256 GB SSD TLC  2,5'', 1 CPU Intel Core i3-1000G1, 1 integrated graphics card Intel UHD Graphics 630;ordinateur-portable-1;FIN_DE_VIE;Ionising radiation;26;0.271;Resilio;
Laptop - Entry-level	Latitude 3310 2-in-1 Business Laptop	13inch LCD, 8GB RAM, 256 GB SSD TLC  2,5'', 1 CPU Intel Core i3-1000G1, 1 integrated graphics card Intel UHD Graphics 630;ordinateur-portable-1;FIN_DE_VIE;Particulate matter and respiratory inorganics;26;0.000000177;Resilio;
Laptop - High-End LENOVO-IDEA IdeaPad 1 15ALC7 15inch LCD, 16GB RAM, 1TB SSD TLC  2,5'', 1 CPU AMD Ryzen 5 5500U, 1 integrated graphics card Mobility Radeon 9000 IGP;ordinateur-portable-2;FABRICATION;Climate change;34;253;Resilio;
Laptop - High-End LENOVO-IDEA IdeaPad 1 15ALC7 15inch LCD, 16GB RAM, 1TB SSD TLC  2,5'', 1 CPU AMD Ryzen 5 5500U, 1 integrated graphics card Mobility Radeon 9000 IGP;ordinateur-portable-2;FABRICATION;Resource use (minerals and metals);34;0.0849;Resilio;
Laptop - High-End LENOVO-IDEA IdeaPad 1 15ALC7 15inch LCD, 16GB RAM, 1TB SSD TLC  2,5'', 1 CPU AMD Ryzen 5 5500U, 1 integrated graphics card Mobility Radeon 9000 IGP;ordinateur-portable-2;FABRICATION;Acidification;34;1.85;Resilio;
Laptop - High-End LENOVO-IDEA IdeaPad 1 15ALC7 15inch LCD, 16GB RAM, 1TB SSD TLC  2,5'', 1 CPU AMD Ryzen 5 5500U, 1 integrated graphics card Mobility Radeon 9000 IGP;ordinateur-portable-2;FABRICATION;Ionising radiation;34;88.9;Resilio;
Laptop - High-End LENOVO-IDEA IdeaPad 1 15ALC7 15inch LCD, 16GB RAM, 1TB SSD TLC  2,5'', 1 CPU AMD Ryzen 5 5500U, 1 integrated graphics card Mobility Radeon 9000 IGP;ordinateur-portable-2;FABRICATION;Particulate matter and respiratory inorganics;34;0.0000119;Resilio;
Laptop - High-End LENOVO-IDEA IdeaPad 1 15ALC7 15inch LCD, 16GB RAM, 1TB SSD TLC  2,5'', 1 CPU AMD Ryzen 5 5500U, 1 integrated graphics card Mobility Radeon 9000 IGP;ordinateur-portable-2;DISTRIBUTION;Climate change;34;11;Resilio;
Laptop - High-End LENOVO-IDEA IdeaPad 1 15ALC7 15inch LCD, 16GB RAM, 1TB SSD TLC  2,5'', 1 CPU AMD Ryzen 5 5500U, 1 integrated graphics card Mobility Radeon 9000 IGP;ordinateur-portable-2;DISTRIBUTION;Resource use (minerals and metals);34;0.000000433;Resilio;
Laptop - High-End LENOVO-IDEA IdeaPad 1 15ALC7 15inch LCD, 16GB RAM, 1TB SSD TLC  2,5'', 1 CPU AMD Ryzen 5 5500U, 1 integrated graphics card Mobility Radeon 9000 IGP;ordinateur-portable-2;DISTRIBUTION;Acidification;34;0.0559;Resilio;
Laptop - High-End LENOVO-IDEA IdeaPad 1 15ALC7 15inch LCD, 16GB RAM, 1TB SSD TLC  2,5'', 1 CPU AMD Ryzen 5 5500U, 1 integrated graphics card Mobility Radeon 9000 IGP;ordinateur-portable-2;DISTRIBUTION;Ionising radiation;34;0.0297;Resilio;
Laptop - High-End LENOVO-IDEA IdeaPad 1 15ALC7 15inch LCD, 16GB RAM, 1TB SSD TLC  2,5'', 1 CPU AMD Ryzen 5 5500U, 1 integrated graphics card Mobility Radeon 9000 IGP;ordinateur-portable-2;DISTRIBUTION;Particulate matter and respiratory inorganics;34;0.000000332;Resilio;
Laptop - High-End LENOVO-IDEA IdeaPad 1 15ALC7 15inch LCD, 16GB RAM, 1TB SSD TLC  2,5'', 1 CPU AMD Ryzen 5 5500U, 1 integrated graphics card Mobility Radeon 9000 IGP;ordinateur-portable-2;UTILISATION;Climate change;34;;Resilio;
Laptop - High-End LENOVO-IDEA IdeaPad 1 15ALC7 15inch LCD, 16GB RAM, 1TB SSD TLC  2,5'', 1 CPU AMD Ryzen 5 5500U, 1 integrated graphics card Mobility Radeon 9000 IGP;ordinateur-portable-2;UTILISATION;Resource use (minerals and metals);34;;Resilio;
Laptop - High-End LENOVO-IDEA IdeaPad 1 15ALC7 15inch LCD, 16GB RAM, 1TB SSD TLC  2,5'', 1 CPU AMD Ryzen 5 5500U, 1 integrated graphics card Mobility Radeon 9000 IGP;ordinateur-portable-2;UTILISATION;Acidification;34;;Resilio;
Laptop - High-End LENOVO-IDEA IdeaPad 1 15ALC7 15inch LCD, 16GB RAM, 1TB SSD TLC  2,5'', 1 CPU AMD Ryzen 5 5500U, 1 integrated graphics card Mobility Radeon 9000 IGP;ordinateur-portable-2;UTILISATION;Ionising radiation;34;;Resilio;
Laptop - High-End LENOVO-IDEA IdeaPad 1 15ALC7 15inch LCD, 16GB RAM, 1TB SSD TLC  2,5'', 1 CPU AMD Ryzen 5 5500U, 1 integrated graphics card Mobility Radeon 9000 IGP;ordinateur-portable-2;UTILISATION;Particulate matter and respiratory inorganics;34;;Resilio;
Laptop - High-End LENOVO-IDEA IdeaPad 1 15ALC7 15inch LCD, 16GB RAM, 1TB SSD TLC  2,5'', 1 CPU AMD Ryzen 5 5500U, 1 integrated graphics card Mobility Radeon 9000 IGP;ordinateur-portable-2;FIN_DE_VIE;Climate change;34;3.57;Resilio;
Laptop - High-End LENOVO-IDEA IdeaPad 1 15ALC7 15inch LCD, 16GB RAM, 1TB SSD TLC  2,5'', 1 CPU AMD Ryzen 5 5500U, 1 integrated graphics card Mobility Radeon 9000 IGP;ordinateur-portable-2;FIN_DE_VIE;Resource use (minerals and metals);34;0.0000112;Resilio;
Laptop - High-End LENOVO-IDEA IdeaPad 1 15ALC7 15inch LCD, 16GB RAM, 1TB SSD TLC  2,5'', 1 CPU AMD Ryzen 5 5500U, 1 integrated graphics card Mobility Radeon 9000 IGP;ordinateur-portable-2;FIN_DE_VIE;Acidification;34;0.044;Resilio;
Laptop - High-End LENOVO-IDEA IdeaPad 1 15ALC7 15inch LCD, 16GB RAM, 1TB SSD TLC  2,5'', 1 CPU AMD Ryzen 5 5500U, 1 integrated graphics card Mobility Radeon 9000 IGP;ordinateur-portable-2;FIN_DE_VIE;Ionising radiation;34;0.275;Resilio;
Laptop - High-End LENOVO-IDEA IdeaPad 1 15ALC7 15inch LCD, 16GB RAM, 1TB SSD TLC  2,5'', 1 CPU AMD Ryzen 5 5500U, 1 integrated graphics card Mobility Radeon 9000 IGP;ordinateur-portable-2;FIN_DE_VIE;Particulate matter and respiratory inorganics;34;0.000000179;Resilio;
Desktop Dell Inspiron Desktop 16GB RAM, 1TB HDD, 1 CPU Intel Core i5-750, 1 dedicated graphics card NVIDIA GeForce RTX 4070 Ti;ordinateur-fixe-1;FABRICATION;Climate change;100;508;Resilio;
Desktop Dell Inspiron Desktop 16GB RAM, 1TB HDD, 1 CPU Intel Core i5-750, 1 dedicated graphics card NVIDIA GeForce RTX 4070 Ti;ordinateur-fixe-1;FABRICATION;Resource use (minerals and metals);100;0.0818;Resilio;
Desktop Dell Inspiron Desktop 16GB RAM, 1TB HDD, 1 CPU Intel Core i5-750, 1 dedicated graphics card NVIDIA GeForce RTX 4070 Ti;ordinateur-fixe-1;FABRICATION;Acidification;100;3.54;Resilio;
Desktop Dell Inspiron Desktop 16GB RAM, 1TB HDD, 1 CPU Intel Core i5-750, 1 dedicated graphics card NVIDIA GeForce RTX 4070 Ti;ordinateur-fixe-1;FABRICATION;Ionising radiation;100;4720;Resilio;
Desktop Dell Inspiron Desktop 16GB RAM, 1TB HDD, 1 CPU Intel Core i5-750, 1 dedicated graphics card NVIDIA GeForce RTX 4070 Ti;ordinateur-fixe-1;FABRICATION;Particulate matter and respiratory inorganics;100;0.0000224;Resilio;
Desktop Dell Inspiron Desktop 16GB RAM, 1TB HDD, 1 CPU Intel Core i5-750, 1 dedicated graphics card NVIDIA GeForce RTX 4070 Ti;ordinateur-fixe-1;DISTRIBUTION;Climate change;100;5.67;Resilio;
Desktop Dell Inspiron Desktop 16GB RAM, 1TB HDD, 1 CPU Intel Core i5-750, 1 dedicated graphics card NVIDIA GeForce RTX 4070 Ti;ordinateur-fixe-1;DISTRIBUTION;Resource use (minerals and metals);100;0.000000201;Resilio;
Desktop Dell Inspiron Desktop 16GB RAM, 1TB HDD, 1 CPU Intel Core i5-750, 1 dedicated graphics card NVIDIA GeForce RTX 4070 Ti;ordinateur-fixe-1;DISTRIBUTION;Acidification;100;0.197;Resilio;
Desktop Dell Inspiron Desktop 16GB RAM, 1TB HDD, 1 CPU Intel Core i5-750, 1 dedicated graphics card NVIDIA GeForce RTX 4070 Ti;ordinateur-fixe-1;DISTRIBUTION;Ionising radiation;100;0.0116;Resilio;
Desktop Dell Inspiron Desktop 16GB RAM, 1TB HDD, 1 CPU Intel Core i5-750, 1 dedicated graphics card NVIDIA GeForce RTX 4070 Ti;ordinateur-fixe-1;DISTRIBUTION;Particulate matter and respiratory inorganics;100;0.00000104;Resilio;
Desktop Dell Inspiron Desktop 16GB RAM, 1TB HDD, 1 CPU Intel Core i5-750, 1 dedicated graphics card NVIDIA GeForce RTX 4070 Ti;ordinateur-fixe-1;UTILISATION;Climate change;100;;Resilio;
Desktop Dell Inspiron Desktop 16GB RAM, 1TB HDD, 1 CPU Intel Core i5-750, 1 dedicated graphics card NVIDIA GeForce RTX 4070 Ti;ordinateur-fixe-1;UTILISATION;Resource use (minerals and metals);100;;Resilio;
Desktop Dell Inspiron Desktop 16GB RAM, 1TB HDD, 1 CPU Intel Core i5-750, 1 dedicated graphics card NVIDIA GeForce RTX 4070 Ti;ordinateur-fixe-1;UTILISATION;Acidification;100;;Resilio;
Desktop Dell Inspiron Desktop 16GB RAM, 1TB HDD, 1 CPU Intel Core i5-750, 1 dedicated graphics card NVIDIA GeForce RTX 4070 Ti;ordinateur-fixe-1;UTILISATION;Ionising radiation;100;;Resilio;
Desktop Dell Inspiron Desktop 16GB RAM, 1TB HDD, 1 CPU Intel Core i5-750, 1 dedicated graphics card NVIDIA GeForce RTX 4070 Ti;ordinateur-fixe-1;UTILISATION;Particulate matter and respiratory inorganics;100;;Resilio;
Desktop Dell Inspiron Desktop 16GB RAM, 1TB HDD, 1 CPU Intel Core i5-750, 1 dedicated graphics card NVIDIA GeForce RTX 4070 Ti;ordinateur-fixe-1;FIN_DE_VIE;Climate change;100;17.2;Resilio;
Desktop Dell Inspiron Desktop 16GB RAM, 1TB HDD, 1 CPU Intel Core i5-750, 1 dedicated graphics card NVIDIA GeForce RTX 4070 Ti;ordinateur-fixe-1;FIN_DE_VIE;Resource use (minerals and metals);100;0.000025;Resilio;
Desktop Dell Inspiron Desktop 16GB RAM, 1TB HDD, 1 CPU Intel Core i5-750, 1 dedicated graphics card NVIDIA GeForce RTX 4070 Ti;ordinateur-fixe-1;FIN_DE_VIE;Acidification;100;0.33;Resilio;
Desktop Dell Inspiron Desktop 16GB RAM, 1TB HDD, 1 CPU Intel Core i5-750, 1 dedicated graphics card NVIDIA GeForce RTX 4070 Ti;ordinateur-fixe-1;FIN_DE_VIE;Ionising radiation;100;1.59;Resilio;
Desktop Dell Inspiron Desktop 16GB RAM, 1TB HDD, 1 CPU Intel Core i5-750, 1 dedicated graphics card NVIDIA GeForce RTX 4070 Ti;ordinateur-fixe-1;FIN_DE_VIE;Particulate matter and respiratory inorganics;100;0.000000956;Resilio;
Screen - Entry-level	 Dell SE2422HX Monitor LCD, 24 inch, 16/9;ecran-1;FABRICATION;Climate change;33.61323407;59;Resilio;
Screen - Entry-level	 Dell SE2422HX Monitor LCD, 24 inch, 16/9;ecran-1;FABRICATION;Resource use (minerals and metals);33.61323407;0.0117;Resilio;
Screen - Entry-level	 Dell SE2422HX Monitor LCD, 24 inch, 16/9;ecran-1;FABRICATION;Acidification;33.61323407;0.394;Resilio;
Screen - Entry-level	 Dell SE2422HX Monitor LCD, 24 inch, 16/9;ecran-1;FABRICATION;Ionising radiation;33.61323407;143;Resilio;
Screen - Entry-level	 Dell SE2422HX Monitor LCD, 24 inch, 16/9;ecran-1;FABRICATION;Particulate matter and respiratory inorganics;33.61323407;0.00000247;Resilio;
Screen - Entry-level	 Dell SE2422HX Monitor LCD, 24 inch, 16/9;ecran-1;DISTRIBUTION;Climate change;33.61323407;1.28;Resilio;
Screen - Entry-level	 Dell SE2422HX Monitor LCD, 24 inch, 16/9;ecran-1;DISTRIBUTION;Resource use (minerals and metals);33.61323407;0.0000000452;Resilio;
Screen - Entry-level	 Dell SE2422HX Monitor LCD, 24 inch, 16/9;ecran-1;DISTRIBUTION;Acidification;33.61323407;0.0444;Resilio;
Screen - Entry-level	 Dell SE2422HX Monitor LCD, 24 inch, 16/9;ecran-1;DISTRIBUTION;Ionising radiation;33.61323407;0.00261;Resilio;
Screen - Entry-level	 Dell SE2422HX Monitor LCD, 24 inch, 16/9;ecran-1;DISTRIBUTION;Particulate matter and respiratory inorganics;33.61323407;0.000000233;Resilio;
Screen - Entry-level	 Dell SE2422HX Monitor LCD, 24 inch, 16/9;ecran-1;UTILISATION;Climate change;33.61323407;;Resilio;
Screen - Entry-level	 Dell SE2422HX Monitor LCD, 24 inch, 16/9;ecran-1;UTILISATION;Resource use (minerals and metals);33.61323407;;Resilio;
Screen - Entry-level	 Dell SE2422HX Monitor LCD, 24 inch, 16/9;ecran-1;UTILISATION;Acidification;33.61323407;;Resilio;
Screen - Entry-level	 Dell SE2422HX Monitor LCD, 24 inch, 16/9;ecran-1;UTILISATION;Ionising radiation;33.61323407;;Resilio;
Screen - Entry-level	 Dell SE2422HX Monitor LCD, 24 inch, 16/9;ecran-1;UTILISATION;Particulate matter and respiratory inorganics;33.61323407;;Resilio;
Screen - Entry-level	 Dell SE2422HX Monitor LCD, 24 inch, 16/9;ecran-1;FIN_DE_VIE;Climate change;33.61323407;3.87;Resilio;
Screen - Entry-level	 Dell SE2422HX Monitor LCD, 24 inch, 16/9;ecran-1;FIN_DE_VIE;Resource use (minerals and metals);33.61323407;0.000012;Resilio;
Screen - Entry-level	 Dell SE2422HX Monitor LCD, 24 inch, 16/9;ecran-1;FIN_DE_VIE;Acidification;33.61323407;0.0221;Resilio;
Screen - Entry-level	 Dell SE2422HX Monitor LCD, 24 inch, 16/9;ecran-1;FIN_DE_VIE;Ionising radiation;33.61323407;0.216;Resilio;
Screen - Entry-level	 Dell SE2422HX Monitor LCD, 24 inch, 16/9;ecran-1;FIN_DE_VIE;Particulate matter and respiratory inorganics;33.61323407;0.000000149;Resilio;
Screen - Mid-range Dell 32 4K UHD Monitor - SE3223Q LCD, 32 inch, 16/9;ecran-2;FABRICATION;Climate change;56.09688325;76.8;Resilio;
Screen - Mid-range Dell 32 4K UHD Monitor - SE3223Q LCD, 32 inch, 16/9;ecran-2;FABRICATION;Resource use (minerals and metals);56.09688325;0.0169;Resilio;
Screen - Mid-range Dell 32 4K UHD Monitor - SE3223Q LCD, 32 inch, 16/9;ecran-2;FABRICATION;Acidification;56.09688325;0.515;Resilio;
Screen - Mid-range Dell 32 4K UHD Monitor - SE3223Q LCD, 32 inch, 16/9;ecran-2;FABRICATION;Ionising radiation;56.09688325;191;Resilio;
Screen - Mid-range Dell 32 4K UHD Monitor - SE3223Q LCD, 32 inch, 16/9;ecran-2;FABRICATION;Particulate matter and respiratory inorganics;56.09688325;0.00000312;Resilio;
Screen - Mid-range Dell 32 4K UHD Monitor - SE3223Q LCD, 32 inch, 16/9;ecran-2;DISTRIBUTION;Climate change;56.09688325;2.22;Resilio;
Screen - Mid-range Dell 32 4K UHD Monitor - SE3223Q LCD, 32 inch, 16/9;ecran-2;DISTRIBUTION;Resource use (minerals and metals);56.09688325;0.0000000789;Resilio;
Screen - Mid-range Dell 32 4K UHD Monitor - SE3223Q LCD, 32 inch, 16/9;ecran-2;DISTRIBUTION;Acidification;56.09688325;0.0774;Resilio;
Screen - Mid-range Dell 32 4K UHD Monitor - SE3223Q LCD, 32 inch, 16/9;ecran-2;DISTRIBUTION;Ionising radiation;56.09688325;0.00456;Resilio;
Screen - Mid-range Dell 32 4K UHD Monitor - SE3223Q LCD, 32 inch, 16/9;ecran-2;DISTRIBUTION;Particulate matter and respiratory inorganics;56.09688325;0.000000407;Resilio;
Screen - Mid-range Dell 32 4K UHD Monitor - SE3223Q LCD, 32 inch, 16/9;ecran-2;UTILISATION;Climate change;56.09688325;;Resilio;
Screen - Mid-range Dell 32 4K UHD Monitor - SE3223Q LCD, 32 inch, 16/9;ecran-2;UTILISATION;Resource use (minerals and metals);56.09688325;;Resilio;
Screen - Mid-range Dell 32 4K UHD Monitor - SE3223Q LCD, 32 inch, 16/9;ecran-2;UTILISATION;Acidification;56.09688325;;Resilio;
Screen - Mid-range Dell 32 4K UHD Monitor - SE3223Q LCD, 32 inch, 16/9;ecran-2;UTILISATION;Ionising radiation;56.09688325;;Resilio;
Screen - Mid-range Dell 32 4K UHD Monitor - SE3223Q LCD, 32 inch, 16/9;ecran-2;UTILISATION;Particulate matter and respiratory inorganics;56.09688325;;Resilio;
Screen - Mid-range Dell 32 4K UHD Monitor - SE3223Q LCD, 32 inch, 16/9;ecran-2;FIN_DE_VIE;Climate change;56.09688325;6.88;Resilio;
Screen - Mid-range Dell 32 4K UHD Monitor - SE3223Q LCD, 32 inch, 16/9;ecran-2;FIN_DE_VIE;Resource use (minerals and metals);56.09688325;0.0000213;Resilio;
Screen - Mid-range Dell 32 4K UHD Monitor - SE3223Q LCD, 32 inch, 16/9;ecran-2;FIN_DE_VIE;Acidification;56.09688325;0.0393;Resilio;
Screen - Mid-range Dell 32 4K UHD Monitor - SE3223Q LCD, 32 inch, 16/9;ecran-2;FIN_DE_VIE;Ionising radiation;56.09688325;0.384;Resilio;
Screen - Mid-range Dell 32 4K UHD Monitor - SE3223Q LCD, 32 inch, 16/9;ecran-2;FIN_DE_VIE;Particulate matter and respiratory inorganics;56.09688325;0.000000265;Resilio;
Screen - High-end ProLite LE5041UHS-B1 OLED, 50 inch, 16/9;ecran-3;FABRICATION;Climate change;124.1642372;711;Resilio;
Screen - High-end ProLite LE5041UHS-B1 OLED, 50 inch, 16/9;ecran-3;FABRICATION;Resource use (minerals and metals);124.1642372;0.0117;Resilio;
Screen - High-end ProLite LE5041UHS-B1 OLED, 50 inch, 16/9;ecran-3;FABRICATION;Acidification;124.1642372;3.21;Resilio;
Screen - High-end ProLite LE5041UHS-B1 OLED, 50 inch, 16/9;ecran-3;FABRICATION;Ionising radiation;124.1642372;223;Resilio;
Screen - High-end ProLite LE5041UHS-B1 OLED, 50 inch, 16/9;ecran-3;FABRICATION;Particulate matter and respiratory inorganics;124.1642372;0.000017;Resilio;
Screen - High-end ProLite LE5041UHS-B1 OLED, 50 inch, 16/9;ecran-3;DISTRIBUTION;Climate change;124.1642372;3.94;Resilio;
Screen - High-end ProLite LE5041UHS-B1 OLED, 50 inch, 16/9;ecran-3;DISTRIBUTION;Resource use (minerals and metals);124.1642372;0.00000014;Resilio;
Screen - High-end ProLite LE5041UHS-B1 OLED, 50 inch, 16/9;ecran-3;DISTRIBUTION;Acidification;124.1642372;0.137;Resilio;
Screen - High-end ProLite LE5041UHS-B1 OLED, 50 inch, 16/9;ecran-3;DISTRIBUTION;Ionising radiation;124.1642372;0.00808;Resilio;
Screen - High-end ProLite LE5041UHS-B1 OLED, 50 inch, 16/9;ecran-3;DISTRIBUTION;Particulate matter and respiratory inorganics;124.1642372;0.00000072;Resilio;
Screen - High-end ProLite LE5041UHS-B1 OLED, 50 inch, 16/9;ecran-3;UTILISATION;Climate change;124.1642372;;Resilio;
Screen - High-end ProLite LE5041UHS-B1 OLED, 50 inch, 16/9;ecran-3;UTILISATION;Resource use (minerals and metals);124.1642372;;Resilio;
Screen - High-end ProLite LE5041UHS-B1 OLED, 50 inch, 16/9;ecran-3;UTILISATION;Acidification;124.1642372;;Resilio;
Screen - High-end ProLite LE5041UHS-B1 OLED, 50 inch, 16/9;ecran-3;UTILISATION;Ionising radiation;124.1642372;;Resilio;
Screen - High-end ProLite LE5041UHS-B1 OLED, 50 inch, 16/9;ecran-3;UTILISATION;Particulate matter and respiratory inorganics;124.1642372;;Resilio;
Screen - High-end ProLite LE5041UHS-B1 OLED, 50 inch, 16/9;ecran-3;FIN_DE_VIE;Climate change;124.1642372;15.4;Resilio;
Screen - High-end ProLite LE5041UHS-B1 OLED, 50 inch, 16/9;ecran-3;FIN_DE_VIE;Resource use (minerals and metals);124.1642372;0.0000516;Resilio;
Screen - High-end ProLite LE5041UHS-B1 OLED, 50 inch, 16/9;ecran-3;FIN_DE_VIE;Acidification;124.1642372;0.0897;Resilio;
Screen - High-end ProLite LE5041UHS-B1 OLED, 50 inch, 16/9;ecran-3;FIN_DE_VIE;Ionising radiation;124.1642372;0.845;Resilio;
Screen - High-end ProLite LE5041UHS-B1 OLED, 50 inch, 16/9;ecran-3;FIN_DE_VIE;Particulate matter and respiratory inorganics;124.1642372;0.000000588;Resilio;
Rack server Dell PowerEdge R740 2 CPU Intel Xeon Gold 6154, 64GB RAM, 1TB SSD TLC  2,5'';serveur-rack-1;FABRICATION;Climate change;1598.627;738;Resilio;
Rack server Dell PowerEdge R740 2 CPU Intel Xeon Gold 6154, 64GB RAM, 1TB SSD TLC  2,5'';serveur-rack-1;FABRICATION;Resource use (minerals and metals);1598.627;0.11;Resilio;
Rack server Dell PowerEdge R740 2 CPU Intel Xeon Gold 6154, 64GB RAM, 1TB SSD TLC  2,5'';serveur-rack-1;FABRICATION;Acidification;1598.627;4.91;Resilio;
Rack server Dell PowerEdge R740 2 CPU Intel Xeon Gold 6154, 64GB RAM, 1TB SSD TLC  2,5'';serveur-rack-1;FABRICATION;Ionising radiation;1598.627;2700;Resilio;
Rack server Dell PowerEdge R740 2 CPU Intel Xeon Gold 6154, 64GB RAM, 1TB SSD TLC  2,5'';serveur-rack-1;FABRICATION;Particulate matter and respiratory inorganics;1598.627;0.000028;Resilio;
Rack server Dell PowerEdge R740 2 CPU Intel Xeon Gold 6154, 64GB RAM, 1TB SSD TLC  2,5'';serveur-rack-1;DISTRIBUTION;Climate change;1598.627;86.2;Resilio;
Rack server Dell PowerEdge R740 2 CPU Intel Xeon Gold 6154, 64GB RAM, 1TB SSD TLC  2,5'';serveur-rack-1;DISTRIBUTION;Resource use (minerals and metals);1598.627;0.00000327;Resilio;
Rack server Dell PowerEdge R740 2 CPU Intel Xeon Gold 6154, 64GB RAM, 1TB SSD TLC  2,5'';serveur-rack-1;DISTRIBUTION;Acidification;1598.627;0.379;Resilio;
Rack server Dell PowerEdge R740 2 CPU Intel Xeon Gold 6154, 64GB RAM, 1TB SSD TLC  2,5'';serveur-rack-1;DISTRIBUTION;Ionising radiation;1598.627;1.53;Resilio;
Rack server Dell PowerEdge R740 2 CPU Intel Xeon Gold 6154, 64GB RAM, 1TB SSD TLC  2,5'';serveur-rack-1;DISTRIBUTION;Particulate matter and respiratory inorganics;1598.627;0.00000232;Resilio;
Rack server Dell PowerEdge R740 2 CPU Intel Xeon Gold 6154, 64GB RAM, 1TB SSD TLC  2,5'';serveur-rack-1;UTILISATION;Climate change;1598.627;;Resilio;
Rack server Dell PowerEdge R740 2 CPU Intel Xeon Gold 6154, 64GB RAM, 1TB SSD TLC  2,5'';serveur-rack-1;UTILISATION;Resource use (minerals and metals);1598.627;;Resilio;
Rack server Dell PowerEdge R740 2 CPU Intel Xeon Gold 6154, 64GB RAM, 1TB SSD TLC  2,5'';serveur-rack-1;UTILISATION;Acidification;1598.627;;Resilio;
Rack server Dell PowerEdge R740 2 CPU Intel Xeon Gold 6154, 64GB RAM, 1TB SSD TLC  2,5'';serveur-rack-1;UTILISATION;Ionising radiation;1598.627;;Resilio;
Rack server Dell PowerEdge R740 2 CPU Intel Xeon Gold 6154, 64GB RAM, 1TB SSD TLC  2,5'';serveur-rack-1;UTILISATION;Particulate matter and respiratory inorganics;1598.627;;Resilio;
Rack server Dell PowerEdge R740 2 CPU Intel Xeon Gold 6154, 64GB RAM, 1TB SSD TLC  2,5'';serveur-rack-1;FIN_DE_VIE;Climate change;1598.627;15.3;Resilio;
Rack server Dell PowerEdge R740 2 CPU Intel Xeon Gold 6154, 64GB RAM, 1TB SSD TLC  2,5'';serveur-rack-1;FIN_DE_VIE;Resource use (minerals and metals);1598.627;0.0000248;Resilio;
Rack server Dell PowerEdge R740 2 CPU Intel Xeon Gold 6154, 64GB RAM, 1TB SSD TLC  2,5'';serveur-rack-1;FIN_DE_VIE;Acidification;1598.627;0.269;Resilio;
Rack server Dell PowerEdge R740 2 CPU Intel Xeon Gold 6154, 64GB RAM, 1TB SSD TLC  2,5'';serveur-rack-1;FIN_DE_VIE;Ionising radiation;1598.627;1.29;Resilio;
Rack server Dell PowerEdge R740 2 CPU Intel Xeon Gold 6154, 64GB RAM, 1TB SSD TLC  2,5'';serveur-rack-1;FIN_DE_VIE;Particulate matter and respiratory inorganics;1598.627;0.000000822;Resilio;
Storage Bay Lenovo ThinkSystem DE2000H 7Y71 24 disks, 1TB SSD TLC 2,5'' each;baie-stockage-1;FABRICATION;Climate change;883.1394;2730;Resilio;
Storage Bay Lenovo ThinkSystem DE2000H 7Y71 24 disks, 1TB SSD TLC 2,5'' each;baie-stockage-1;FABRICATION;Resource use (minerals and metals);883.1394;0.0329;Resilio;
Storage Bay Lenovo ThinkSystem DE2000H 7Y71 24 disks, 1TB SSD TLC 2,5'' each;baie-stockage-1;FABRICATION;Acidification;883.1394;15.4;Resilio;
Storage Bay Lenovo ThinkSystem DE2000H 7Y71 24 disks, 1TB SSD TLC 2,5'' each;baie-stockage-1;FABRICATION;Ionising radiation;883.1394;2440;Resilio;
Storage Bay Lenovo ThinkSystem DE2000H 7Y71 24 disks, 1TB SSD TLC 2,5'' each;baie-stockage-1;FABRICATION;Particulate matter and respiratory inorganics;883.1394;0.0000846;Resilio;
Storage Bay Lenovo ThinkSystem DE2000H 7Y71 24 disks, 1TB SSD TLC 2,5'' each;baie-stockage-1;DISTRIBUTION;Climate change;883.1394;211;Resilio;
Storage Bay Lenovo ThinkSystem DE2000H 7Y71 24 disks, 1TB SSD TLC 2,5'' each;baie-stockage-1;DISTRIBUTION;Resource use (minerals and metals);883.1394;0.00000801;Resilio;
Storage Bay Lenovo ThinkSystem DE2000H 7Y71 24 disks, 1TB SSD TLC 2,5'' each;baie-stockage-1;DISTRIBUTION;Acidification;883.1394;0.928;Resilio;
Storage Bay Lenovo ThinkSystem DE2000H 7Y71 24 disks, 1TB SSD TLC 2,5'' each;baie-stockage-1;DISTRIBUTION;Ionising radiation;883.1394;3.76;Resilio;
Storage Bay Lenovo ThinkSystem DE2000H 7Y71 24 disks, 1TB SSD TLC 2,5'' each;baie-stockage-1;DISTRIBUTION;Particulate matter and respiratory inorganics;883.1394;0.00000568;Resilio;
Storage Bay Lenovo ThinkSystem DE2000H 7Y71 24 disks, 1TB SSD TLC 2,5'' each;baie-stockage-1;UTILISATION;Climate change;883.1394;;Resilio;
Storage Bay Lenovo ThinkSystem DE2000H 7Y71 24 disks, 1TB SSD TLC 2,5'' each;baie-stockage-1;UTILISATION;Resource use (minerals and metals);883.1394;;Resilio;
Storage Bay Lenovo ThinkSystem DE2000H 7Y71 24 disks, 1TB SSD TLC 2,5'' each;baie-stockage-1;UTILISATION;Acidification;883.1394;;Resilio;
Storage Bay Lenovo ThinkSystem DE2000H 7Y71 24 disks, 1TB SSD TLC 2,5'' each;baie-stockage-1;UTILISATION;Ionising radiation;883.1394;;Resilio;
Storage Bay Lenovo ThinkSystem DE2000H 7Y71 24 disks, 1TB SSD TLC 2,5'' each;baie-stockage-1;UTILISATION;Particulate matter and respiratory inorganics;883.1394;;Resilio;
Storage Bay Lenovo ThinkSystem DE2000H 7Y71 24 disks, 1TB SSD TLC 2,5'' each;baie-stockage-1;FIN_DE_VIE;Climate change;883.1394;30.1;Resilio;
Storage Bay Lenovo ThinkSystem DE2000H 7Y71 24 disks, 1TB SSD TLC 2,5'' each;baie-stockage-1;FIN_DE_VIE;Resource use (minerals and metals);883.1394;0.0000932;Resilio;
Storage Bay Lenovo ThinkSystem DE2000H 7Y71 24 disks, 1TB SSD TLC 2,5'' each;baie-stockage-1;FIN_DE_VIE;Acidification;883.1394;0.283;Resilio;
Storage Bay Lenovo ThinkSystem DE2000H 7Y71 24 disks, 1TB SSD TLC 2,5'' each;baie-stockage-1;FIN_DE_VIE;Ionising radiation;883.1394;2.57;Resilio;
Storage Bay Lenovo ThinkSystem DE2000H 7Y71 24 disks, 1TB SSD TLC 2,5'' each;baie-stockage-1;FIN_DE_VIE;Particulate matter and respiratory inorganics;883.1394;0.00000154;Resilio;
NAS Bay TS-h3077AFU-R7-64G Server with 1 CPU AMD Ryzen 7 7700, 64GB RAM, 15 disk SSD 1TB 2,5'';baie-nas-1;FABRICATION;Climate change;2579.455;2170;Resilio;
NAS Bay TS-h3077AFU-R7-64G Server with 1 CPU AMD Ryzen 7 7700, 64GB RAM, 15 disk SSD 1TB 2,5'';baie-nas-1;FABRICATION;Resource use (minerals and metals);2579.455;0.122;Resilio;
NAS Bay TS-h3077AFU-R7-64G Server with 1 CPU AMD Ryzen 7 7700, 64GB RAM, 15 disk SSD 1TB 2,5'';baie-nas-1;FABRICATION;Acidification;2579.455;12.9;Resilio;
NAS Bay TS-h3077AFU-R7-64G Server with 1 CPU AMD Ryzen 7 7700, 64GB RAM, 15 disk SSD 1TB 2,5'';baie-nas-1;FABRICATION;Ionising radiation;2579.455;2800;Resilio;
NAS Bay TS-h3077AFU-R7-64G Server with 1 CPU AMD Ryzen 7 7700, 64GB RAM, 15 disk SSD 1TB 2,5'';baie-nas-1;FABRICATION;Particulate matter and respiratory inorganics;2579.455;0.000072;Resilio;
NAS Bay TS-h3077AFU-R7-64G Server with 1 CPU AMD Ryzen 7 7700, 64GB RAM, 15 disk SSD 1TB 2,5'';baie-nas-1;DISTRIBUTION;Climate change;2579.455;89.9;Resilio;
NAS Bay TS-h3077AFU-R7-64G Server with 1 CPU AMD Ryzen 7 7700, 64GB RAM, 15 disk SSD 1TB 2,5'';baie-nas-1;DISTRIBUTION;Resource use (minerals and metals);2579.455;0.00000341;Resilio;
NAS Bay TS-h3077AFU-R7-64G Server with 1 CPU AMD Ryzen 7 7700, 64GB RAM, 15 disk SSD 1TB 2,5'';baie-nas-1;DISTRIBUTION;Acidification;2579.455;0.395;Resilio;
NAS Bay TS-h3077AFU-R7-64G Server with 1 CPU AMD Ryzen 7 7700, 64GB RAM, 15 disk SSD 1TB 2,5'';baie-nas-1;DISTRIBUTION;Ionising radiation;2579.455;1.6;Resilio;
NAS Bay TS-h3077AFU-R7-64G Server with 1 CPU AMD Ryzen 7 7700, 64GB RAM, 15 disk SSD 1TB 2,5'';baie-nas-1;DISTRIBUTION;Particulate matter and respiratory inorganics;2579.455;0.00000242;Resilio;
NAS Bay TS-h3077AFU-R7-64G Server with 1 CPU AMD Ryzen 7 7700, 64GB RAM, 15 disk SSD 1TB 2,5'';baie-nas-1;UTILISATION;Climate change;2579.455;;Resilio;
NAS Bay TS-h3077AFU-R7-64G Server with 1 CPU AMD Ryzen 7 7700, 64GB RAM, 15 disk SSD 1TB 2,5'';baie-nas-1;UTILISATION;Resource use (minerals and metals);2579.455;;Resilio;
NAS Bay TS-h3077AFU-R7-64G Server with 1 CPU AMD Ryzen 7 7700, 64GB RAM, 15 disk SSD 1TB 2,5'';baie-nas-1;UTILISATION;Acidification;2579.455;;Resilio;
NAS Bay TS-h3077AFU-R7-64G Server with 1 CPU AMD Ryzen 7 7700, 64GB RAM, 15 disk SSD 1TB 2,5'';baie-nas-1;UTILISATION;Ionising radiation;2579.455;;Resilio;
NAS Bay TS-h3077AFU-R7-64G Server with 1 CPU AMD Ryzen 7 7700, 64GB RAM, 15 disk SSD 1TB 2,5'';baie-nas-1;UTILISATION;Particulate matter and respiratory inorganics;2579.455;;Resilio;
NAS Bay TS-h3077AFU-R7-64G Server with 1 CPU AMD Ryzen 7 7700, 64GB RAM, 15 disk SSD 1TB 2,5'';baie-nas-1;FIN_DE_VIE;Climate change;2579.455;16.2;Resilio;
NAS Bay TS-h3077AFU-R7-64G Server with 1 CPU AMD Ryzen 7 7700, 64GB RAM, 15 disk SSD 1TB 2,5'';baie-nas-1;FIN_DE_VIE;Resource use (minerals and metals);2579.455;0.0000249;Resilio;
NAS Bay TS-h3077AFU-R7-64G Server with 1 CPU AMD Ryzen 7 7700, 64GB RAM, 15 disk SSD 1TB 2,5'';baie-nas-1;FIN_DE_VIE;Acidification;2579.455;0.291;Resilio;
NAS Bay TS-h3077AFU-R7-64G Server with 1 CPU AMD Ryzen 7 7700, 64GB RAM, 15 disk SSD 1TB 2,5'';baie-nas-1;FIN_DE_VIE;Ionising radiation;2579.455;1.35;Resilio;
NAS Bay TS-h3077AFU-R7-64G Server with 1 CPU AMD Ryzen 7 7700, 64GB RAM, 15 disk SSD 1TB 2,5'';baie-nas-1;FIN_DE_VIE;Particulate matter and respiratory inorganics;2579.455;0.00000087;Resilio;
Switch Cisco CBS110-24T 8GB RAM, 1 CPU Intel Celeron J4105;commutateur-1;FABRICATION;Climate change;785.6625;181;Resilio;
Switch Cisco CBS110-24T 8GB RAM, 1 CPU Intel Celeron J4105;commutateur-1;FABRICATION;Resource use (minerals and metals);785.6625;0.0605;Resilio;
Switch Cisco CBS110-24T 8GB RAM, 1 CPU Intel Celeron J4105;commutateur-1;FABRICATION;Acidification;785.6625;1.36;Resilio;
Switch Cisco CBS110-24T 8GB RAM, 1 CPU Intel Celeron J4105;commutateur-1;FABRICATION;Ionising radiation;785.6625;531;Resilio;
Switch Cisco CBS110-24T 8GB RAM, 1 CPU Intel Celeron J4105;commutateur-1;FABRICATION;Particulate matter and respiratory inorganics;785.6625;0.00000839;Resilio;
Switch Cisco CBS110-24T 8GB RAM, 1 CPU Intel Celeron J4105;commutateur-1;DISTRIBUTION;Climate change;785.6625;23.5;Resilio;
Switch Cisco CBS110-24T 8GB RAM, 1 CPU Intel Celeron J4105;commutateur-1;DISTRIBUTION;Resource use (minerals and metals);785.6625;0.000000893;Resilio;
Switch Cisco CBS110-24T 8GB RAM, 1 CPU Intel Celeron J4105;commutateur-1;DISTRIBUTION;Acidification;785.6625;0.103;Resilio;
Switch Cisco CBS110-24T 8GB RAM, 1 CPU Intel Celeron J4105;commutateur-1;DISTRIBUTION;Ionising radiation;785.6625;0.419;Resilio;
Switch Cisco CBS110-24T 8GB RAM, 1 CPU Intel Celeron J4105;commutateur-1;DISTRIBUTION;Particulate matter and respiratory inorganics;785.6625;0.000000633;Resilio;
Switch Cisco CBS110-24T 8GB RAM, 1 CPU Intel Celeron J4105;commutateur-1;UTILISATION;Climate change;785.6625;;Resilio;
Switch Cisco CBS110-24T 8GB RAM, 1 CPU Intel Celeron J4105;commutateur-1;UTILISATION;Resource use (minerals and metals);785.6625;;Resilio;
Switch Cisco CBS110-24T 8GB RAM, 1 CPU Intel Celeron J4105;commutateur-1;UTILISATION;Acidification;785.6625;;Resilio;
Switch Cisco CBS110-24T 8GB RAM, 1 CPU Intel Celeron J4105;commutateur-1;UTILISATION;Ionising radiation;785.6625;;Resilio;
Switch Cisco CBS110-24T 8GB RAM, 1 CPU Intel Celeron J4105;commutateur-1;UTILISATION;Particulate matter and respiratory inorganics;785.6625;;Resilio;
Switch Cisco CBS110-24T 8GB RAM, 1 CPU Intel Celeron J4105;commutateur-1;FIN_DE_VIE;Climate change;785.6625;4.14;Resilio;
Switch Cisco CBS110-24T 8GB RAM, 1 CPU Intel Celeron J4105;commutateur-1;FIN_DE_VIE;Resource use (minerals and metals);785.6625;0.00000706;Resilio;
Switch Cisco CBS110-24T 8GB RAM, 1 CPU Intel Celeron J4105;commutateur-1;FIN_DE_VIE;Acidification;785.6625;0.0694;Resilio;
Switch Cisco CBS110-24T 8GB RAM, 1 CPU Intel Celeron J4105;commutateur-1;FIN_DE_VIE;Ionising radiation;785.6625;0.334;Resilio;
Switch Cisco CBS110-24T 8GB RAM, 1 CPU Intel Celeron J4105;commutateur-1;FIN_DE_VIE;Particulate matter and respiratory inorganics;785.6625;0.000000218;Resilio;
